{
  "generated_at": "2026-07-07T12:20:42.789770+00:00",
  "model_dir": "models/two_tower",
  "rrf_k": 60,
  "datasets": {
    "scifact": {
      "corpus_size": 5183,
      "num_queries": 300,
      "configs": {
        "BM25": {
          "NDCG@10": 0.5597016150134457,
          "MAP@10": 0.5147281084656085,
          "MRR@10": 0.5242208994708994,
          "Recall@10": 0.6861666666666667,
          "Recall@100": 0.7929444444444445
        },
        "TwoTower": {
          "NDCG@10": 0.03136069230001708,
          "MAP@10": 0.02123941798941799,
          "MRR@10": 0.023906084656084656,
          "Recall@10": 0.064,
          "Recall@100": 0.2856666666666667
        },
        "Hybrid(RRF)": {
          "NDCG@10": 0.30176986788746757,
          "MAP@10": 0.21545105820105817,
          "MRR@10": 0.22508465608465608,
          "Recall@10": 0.575,
          "Recall@100": 0.8349444444444445
        }
      }
    },
    "nfcorpus": {
      "corpus_size": 3633,
      "num_queries": 323,
      "configs": {
        "BM25": {
          "NDCG@10": 0.2667747852135396,
          "MAP@10": 0.1860602077088145,
          "MRR@10": 0.4666912378986683,
          "Recall@10": 0.12370675185011011,
          "Recall@100": 0.21095615510522478
        },
        "TwoTower": {
          "NDCG@10": 0.10554184036285885,
          "MAP@10": 0.056021385162252024,
          "MRR@10": 0.21938301636444055,
          "Recall@10": 0.0552006452725385,
          "Recall@100": 0.14872552373050274
        },
        "Hybrid(RRF)": {
          "NDCG@10": 0.23092873117627777,
          "MAP@10": 0.14934280144806458,
          "MRR@10": 0.4205415499533146,
          "Recall@10": 0.11068889846568354,
          "Recall@100": 0.22264473331309234
        }
      }
    },
    "fiqa": {
      "corpus_size": 57638,
      "num_queries": 648,
      "configs": {
        "BM25": {
          "NDCG@10": 0.15906254020182933,
          "MAP@10": 0.11651595364654777,
          "MRR@10": 0.19854068685087203,
          "Recall@10": 0.20371640961918736,
          "Recall@100": 0.3589928076039187
        },
        "TwoTower": {
          "NDCG@10": 0.046987055252667255,
          "MAP@10": 0.03180368778169704,
          "MRR@10": 0.0721885410542818,
          "Recall@10": 0.05589242290631179,
          "Recall@100": 0.12527507215007216
        },
        "Hybrid(RRF)": {
          "NDCG@10": 0.11681819841775769,
          "MAP@10": 0.07534562200223024,
          "MRR@10": 0.13987789045659416,
          "Recall@10": 0.17402142610475946,
          "Recall@100": 0.3626168841446619
        }
      }
    }
  }
}