{
  "generated_at": "2026-07-05T02:59:11.968561+00:00",
  "model_dir": "models/two_tower",
  "rrf_k": 60,
  "datasets": {
    "scifact": {
      "corpus_size": 5183,
      "num_queries": 300,
      "configs": {
        "BM25": {
          "NDCG@10": 0.5597016150134457,
          "MAP@10": 0.5147281084656085,
          "MRR@10": 0.5242208994708994,
          "Recall@10": 0.6861666666666667,
          "Recall@100": 0.7929444444444445
        },
        "TwoTower": {
          "NDCG@10": 0.028514637839826964,
          "MAP@10": 0.02266666666666667,
          "MRR@10": 0.025777777777777778,
          "Recall@10": 0.04511111111111111,
          "Recall@100": 0.1423888888888889
        },
        "Hybrid(RRF)": {
          "NDCG@10": 0.2567487181650435,
          "MAP@10": 0.1673207671957672,
          "MRR@10": 0.17797486772486773,
          "Recall@10": 0.5430555555555555,
          "Recall@100": 0.7945
        }
      }
    },
    "nfcorpus": {
      "corpus_size": 3633,
      "num_queries": 323,
      "configs": {
        "BM25": {
          "NDCG@10": 0.2667747852135396,
          "MAP@10": 0.1860602077088145,
          "MRR@10": 0.4666912378986683,
          "Recall@10": 0.12370675185011011,
          "Recall@100": 0.21095615510522478
        },
        "TwoTower": {
          "NDCG@10": 0.043965047685585984,
          "MAP@10": 0.019154135338345864,
          "MRR@10": 0.1021892967713401,
          "Recall@10": 0.01550770459968244,
          "Recall@100": 0.06642946748454279
        },
        "Hybrid(RRF)": {
          "NDCG@10": 0.1677293683516765,
          "MAP@10": 0.0902011740368662,
          "MRR@10": 0.2974765344734385,
          "Recall@10": 0.09500214786317326,
          "Recall@100": 0.20388227865322325
        }
      }
    },
    "fiqa": {
      "corpus_size": 57638,
      "num_queries": 648,
      "configs": {
        "BM25": {
          "NDCG@10": 0.15906254020182933,
          "MAP@10": 0.11651595364654777,
          "MRR@10": 0.19854068685087203,
          "Recall@10": 0.20371640961918736,
          "Recall@100": 0.3589928076039187
        },
        "TwoTower": {
          "NDCG@10": 0.010071317630280898,
          "MAP@10": 0.004852333594617545,
          "MRR@10": 0.012023564569860866,
          "Recall@10": 0.01836486558708781,
          "Recall@100": 0.0719338060773246
        },
        "Hybrid(RRF)": {
          "NDCG@10": 0.10324436132913539,
          "MAP@10": 0.06452394220719837,
          "MRR@10": 0.11746521653929061,
          "Recall@10": 0.1632922547274399,
          "Recall@100": 0.33269459021773834
        }
      }
    }
  }
}