{
  "generated_at": "2026-07-06T10:48:31.091992+00:00",
  "model_dir": "models/two_tower",
  "rrf_k": 60,
  "datasets": {
    "scifact": {
      "corpus_size": 5183,
      "num_queries": 300,
      "configs": {
        "BM25": {
          "NDCG@10": 0.5597016150134457,
          "MAP@10": 0.5147281084656085,
          "MRR@10": 0.5242208994708994,
          "Recall@10": 0.6861666666666667,
          "Recall@100": 0.7929444444444445
        },
        "TwoTower": {
          "NDCG@10": 0.008114510152499548,
          "MAP@10": 0.005587301587301587,
          "MRR@10": 0.008253968253968255,
          "Recall@10": 0.014,
          "Recall@100": 0.11072222222222222
        },
        "Hybrid(RRF)": {
          "NDCG@10": 0.28184322187831234,
          "MAP@10": 0.18742570546737214,
          "MRR@10": 0.19480820105820104,
          "Recall@10": 0.5786111111111111,
          "Recall@100": 0.7938333333333333
        }
      }
    },
    "nfcorpus": {
      "corpus_size": 3633,
      "num_queries": 323,
      "configs": {
        "BM25": {
          "NDCG@10": 0.2667747852135396,
          "MAP@10": 0.1860602077088145,
          "MRR@10": 0.4666912378986683,
          "Recall@10": 0.12370675185011011,
          "Recall@100": 0.21095615510522478
        },
        "TwoTower": {
          "NDCG@10": 0.03211322687408741,
          "MAP@10": 0.013237321244287191,
          "MRR@10": 0.08369084475895622,
          "Recall@10": 0.012258116615065543,
          "Recall@100": 0.08416072073036375
        },
        "Hybrid(RRF)": {
          "NDCG@10": 0.17864799377093057,
          "MAP@10": 0.09893223078705166,
          "MRR@10": 0.3357081429062853,
          "Recall@10": 0.09982940285972638,
          "Recall@100": 0.205451207056018
        }
      }
    },
    "fiqa": {
      "corpus_size": 57638,
      "num_queries": 648,
      "configs": {
        "BM25": {
          "NDCG@10": 0.15906254020182933,
          "MAP@10": 0.11651595364654777,
          "MRR@10": 0.19854068685087203,
          "Recall@10": 0.20371640961918736,
          "Recall@100": 0.3589928076039187
        },
        "TwoTower": {
          "NDCG@10": 0.0072647553668159556,
          "MAP@10": 0.004256847629312356,
          "MRR@10": 0.012417940427199688,
          "Recall@10": 0.00843988830099941,
          "Recall@100": 0.039712452328193065
        },
        "Hybrid(RRF)": {
          "NDCG@10": 0.0981530885225721,
          "MAP@10": 0.05884307229407538,
          "MRR@10": 0.10499889770723103,
          "Recall@10": 0.1631362464695798,
          "Recall@100": 0.3210848479366998
        }
      }
    }
  }
}