{
  "BM25": {
    "NDCG@10": 0.33740578400398546,
    "MAP@10": 0.29178174603174606,
    "MRR@10": 0.296281746031746,
    "Recall@10": 0.4775,
    "Recall@100": 0.6891666666666666,
    "latency_p50_ms": 2628.881549986545,
    "latency_p95_ms": 5661.520254990316
  },
  "TwoTower": {
    "NDCG@10": 0.32694524562424915,
    "MAP@10": 0.27142261904761905,
    "MRR@10": 0.2850059523809524,
    "Recall@10": 0.48916666666666664,
    "Recall@100": 0.6791666666666666,
    "latency_p50_ms": 18.311399966478348,
    "latency_p95_ms": 37.02810497488821
  },
  "Hybrid(RRF)": {
    "NDCG@10": 0.46339147195935254,
    "MAP@10": 0.402609126984127,
    "MRR@10": 0.4162519841269841,
    "Recall@10": 0.6466666666666666,
    "Recall@100": 0.8241666666666666,
    "latency_p50_ms": 2616.949699993711,
    "latency_p95_ms": 5410.161424911344
  },
  "Hybrid(RRF)+LambdaRank": {
    "NDCG@10": 0.39959071308542277,
    "MAP@10": 0.34469841269841267,
    "MRR@10": 0.3521984126984127,
    "Recall@10": 0.5675,
    "Recall@100": 0.8241666666666666,
    "latency_p50_ms": 3472.196700051427,
    "latency_p95_ms": 6328.266325074946
  },
  "Hybrid(RRF)+CrossEncoder": {
    "NDCG@10": 0.5053361976476731,
    "MAP@10": 0.43933432539682543,
    "MRR@10": 0.44598015873015867,
    "Recall@10": 0.705,
    "Recall@100": 0.8241666666666666,
    "latency_p50_ms": 754.3663999531418,
    "latency_p95_ms": 909.9456750031093
  },
  "TwoTower+LambdaRank": {
    "NDCG@10": 0.3395669106722461,
    "MAP@10": 0.29580753968253964,
    "MRR@10": 0.30997420634920636,
    "Recall@10": 0.4641666666666666,
    "Recall@100": 0.6791666666666666,
    "latency_p50_ms": 3120.4523500055075,
    "latency_p95_ms": 5490.159860014683
  },
  "TwoTower+CrossEncoder": {
    "NDCG@10": 0.4625535931756059,
    "MAP@10": 0.41090277777777773,
    "MRR@10": 0.4218015873015873,
    "Recall@10": 0.6116666666666667,
    "Recall@100": 0.6791666666666666,
    "latency_p50_ms": 638.724250078667,
    "latency_p95_ms": 815.8501449157484
  }
}